cluster_id,n_days,avg_score,std_score_cluster,std_score_daily,n_obs_avg,min_score,max_score,day_range,severity
0,255,10.004069477004897,0.9487135979184587,4.295557961839866,31.258823529411764,7.562749814471556,13.326753699928322,42-364,Mild
1,110,12.795057334854741,1.9741087919598537,4.276537972748339,51.9,9.09087673043629,16.766617493988374,0-360,Mild
