{
    "model_id": "bocpd_gaussian_heuristic",
    "method": "bocpd",
    "algorithm": "BOCPD",
    "variant": "bocpd_gaussian",
    "n_changepoints": 8,
    "signal_length": 365,
    "change_points": [
        0.2410958904109589,
        0.4054794520547945,
        0.4876712328767123,
        0.5917808219178082,
        0.7095890410958904,
        0.8136986301369863,
        0.9123287671232877,
        0.947945205479452
    ],
    "validation": {
        "n_changepoints": 8,
        "normalized_positions": [
            0.2410958904109589,
            0.4054794520547945,
            0.4876712328767123,
            0.5917808219178082,
            0.7095890410958904,
            0.8136986301369863,
            0.9123287671232877,
            0.947945205479452
        ],
        "detected_indices": [
            88,
            148,
            178,
            216,
            259,
            297,
            333,
            346
        ],
        "posterior_threshold": 0.1,
        "persistence": 3,
        "test_family": "bayesian",
        "overall_significant": true,
        "rejection_reason": null,
        "summary": {
            "mean_posterior_at_cp": 0.10000000000000006,
            "max_posterior_at_cp": 0.10000000000000012,
            "coverage_ratio": 0.021917808219178082,
            "max_posterior_overall": 0.10000000000000012,
            "mean_posterior_overall": 0.09951999447118447
        }
    },
    "timestamp": "2026-01-18T19:39:02.047263",
    "hazard_lambda": 10.0,
    "hazard_rate": 0.1,
    "posterior_threshold": 0.1,
    "max_run_length_used": 365,
    "hazard_tuning": {
        "optimal_hazard_lambda": 10.0,
        "optimal_hazard_rate": 0.1,
        "lambdas_tested": [
            10.0
        ],
        "scores": null,
        "criterion": "heuristic_autocorr",
        "method": "heuristic",
        "strategy": "autocorr",
        "notes": "Autocorrelation-based: ACF(1)=0.491 \u2192 raw \u03bb=1.4, clipped to [10.0, 300.0] \u2192 10.0"
    }
}