{
    "model_id": "bocpd_gaussian_predictive_ll",
    "method": "bocpd",
    "algorithm": "BOCPD",
    "variant": "bocpd_gaussian",
    "n_changepoints": 8,
    "signal_length": 365,
    "change_points": [
        0.2410958904109589,
        0.4054794520547945,
        0.4876712328767123,
        0.5917808219178082,
        0.7095890410958904,
        0.8136986301369863,
        0.9123287671232877,
        0.947945205479452
    ],
    "validation": {
        "n_changepoints": 8,
        "normalized_positions": [
            0.2410958904109589,
            0.4054794520547945,
            0.4876712328767123,
            0.5917808219178082,
            0.7095890410958904,
            0.8136986301369863,
            0.9123287671232877,
            0.947945205479452
        ],
        "detected_indices": [
            88,
            148,
            178,
            216,
            259,
            297,
            333,
            346
        ],
        "posterior_threshold": 0.1,
        "persistence": 3,
        "test_family": "bayesian",
        "overall_significant": true,
        "rejection_reason": null,
        "summary": {
            "mean_posterior_at_cp": 0.10000000000000006,
            "max_posterior_at_cp": 0.10000000000000012,
            "coverage_ratio": 0.021917808219178082,
            "max_posterior_overall": 0.10000000000000012,
            "mean_posterior_overall": 0.09951999447118447
        }
    },
    "timestamp": "2026-01-18T19:39:02.047476",
    "hazard_lambda": 10.0,
    "hazard_rate": 0.1,
    "posterior_threshold": 0.1,
    "max_run_length_used": 365,
    "hazard_tuning": {
        "optimal_hazard_lambda": 10.0,
        "optimal_hazard_rate": 0.1,
        "lambdas_tested": [
            10.0,
            12.749955266809755,
            16.256135930564984,
            20.72650059258824,
            26.426195539300583,
            33.693281099805006,
            42.95878268145604,
            54.77225575051662,
            69.83438106813503,
            89.03852347040677,
            113.52371912704774,
            144.74223405917328,
            184.5457009472568,
            235.2949431759576,
            300.0000000000001
        ],
        "scores": [
            11.414908608120465,
            11.414908608120465,
            11.414908608120465,
            11.414908608120465,
            11.414908608120465,
            11.414908608120465,
            11.414908608120465,
            11.414908608120465,
            11.414908608120465,
            11.414908608120465,
            11.414908608120465,
            11.414908608120465,
            11.414908608120465,
            11.414908608120465,
            11.414908608120465
        ],
        "best_score": 11.414908608120465,
        "criterion": "held_out_gaussian_predictive_ll",
        "method": "predictive_ll",
        "n_folds": 3,
        "train_ratio": 0.7,
        "horizon": 10,
        "notes": "Gaussian plug-in predictive likelihood (approximate), best LL=11.41 at \u03bb=10.0 WARNING: Selected \u03bb=10.0 is low (expecting CP every 10 days)"
    }
}