{
    "model_id": "pelt_ar",
    "method": "pelt",
    "algorithm": "PELT",
    "variant": "pelt_ar",
    "n_changepoints": 2,
    "signal_length": 365,
    "change_points": [
        57,
        149
    ],
    "validation": {
        "n_changepoints": 2,
        "n_significant": 1,
        "tests": {
            "CP_1_at_57": {
                "change_point_index": 57,
                "test_name": "Permutation Test",
                "test_statistic": -0.07423370514032807,
                "p_value": 0.0075,
                "cohens_d": 2.368519847095038,
                "test_family": "frequentist",
                "before_mean": 0.3131239294492442,
                "after_mean": 0.3873576345895723,
                "mean_difference": 0.07423370514032807,
                "significant": true,
                "meaningful_effect": true,
                "normalized_position": 0.15616438356164383,
                "p_value_corrected": 0.015,
                "significant_after_correction": true
            },
            "CP_2_at_149": {
                "change_point_index": 149,
                "test_name": "Permutation Test",
                "test_statistic": -0.07460596957524623,
                "p_value": 0.1166,
                "cohens_d": 1.0875706009160444,
                "test_family": "frequentist",
                "before_mean": 0.38088831698239894,
                "after_mean": 0.4554942865576452,
                "mean_difference": 0.07460596957524623,
                "significant": false,
                "meaningful_effect": true,
                "normalized_position": 0.40821917808219177,
                "p_value_corrected": 0.1166,
                "significant_after_correction": false
            }
        },
        "rejected": {},
        "overall_significant": true,
        "alpha": 0.05,
        "correction_method": "fdr_bh",
        "summary": {
            "fraction_significant": 0.5,
            "mean_effect_size": 1.7280452240055413,
            "max_effect_size": 2.368519847095038
        }
    },
    "timestamp": "2026-02-02T18:36:29.814780",
    "penalty_used": 0.04714866363457394,
    "penalty_source": "auto_bic",
    "min_segment_size_used": 5,
    "tuning_results": {
        "optimal_penalty": 0.04714866363457394,
        "penalties_tested": [
            0.01,
            0.011513953993264475,
            0.013257113655901088,
            0.015264179671752334,
            0.017575106248547922,
            0.020235896477251575,
            0.023299518105153717,
            0.02682695795279726,
            0.030888435964774818,
            0.03556480306223129,
            0.040949150623804255,
            0.04714866363457394,
            0.054286754393238594,
            0.06250551925273973,
            0.07196856730011521,
            0.08286427728546843,
            0.09540954763499938,
            0.10985411419875583,
            0.12648552168552957,
            0.14563484775012436,
            0.16768329368110083,
            0.19306977288832497,
            0.22229964825261944,
            0.2559547922699536,
            0.29470517025518095,
            0.3393221771895328,
            0.3906939937054617,
            0.44984326689694465,
            0.517947467923121,
            0.5963623316594643,
            0.6866488450043002,
            0.7906043210907697,
            0.9102981779915218,
            1.0481131341546852,
            1.2067926406393288,
            1.3894954943731375,
            1.5998587196060574,
            1.8420699693267164,
            2.1209508879201904,
            2.44205309454865,
            2.8117686979742307,
            3.2374575428176433,
            3.727593720314938,
            4.291934260128778,
            4.941713361323833,
            5.689866029018293,
            6.551285568595509,
            7.543120063354615,
            8.68511373751352,
            10.0
        ],
        "n_changepoints": [
            51,
            47,
            41,
            39,
            32,
            32,
            24,
            24,
            16,
            12,
            4,
            2,
            2,
            2,
            2,
            1,
            1,
            1,
            1,
            1,
            1,
            1,
            1,
            1,
            0,
            0,
            0,
            0,
            0,
            0,
            0,
            0,
            0,
            0,
            0,
            0,
            0,
            0,
            0,
            0,
            0,
            0,
            0,
            0,
            0,
            0,
            0,
            0,
            0,
            0
        ],
        "bic_scores": [
            -1514.3590953666944,
            -1556.7094499788475,
            -1604.0825859292152,
            -1634.6177819684954,
            -1700.7693718201533,
            -1700.7693718201533,
            -1801.57463240155,
            -1801.57463240155,
            -1880.690629937367,
            -1918.8090997941779,
            -1993.6175949260414,
            -2012.3035585384132,
            -2012.3035585384132,
            -2012.3035585384132,
            -2012.3035585384132,
            -1944.3316005798251,
            -1944.3316005798251,
            -1944.3316005798251,
            -1944.3316005798251,
            -1944.3316005798251,
            -1944.3316005798251,
            -1944.3316005798251,
            -1944.3316005798251,
            -1944.3316005798251,
            -1828.2759582665997,
            -1828.2759582665997,
            -1828.2759582665997,
            -1828.2759582665997,
            -1828.2759582665997,
            -1828.2759582665997,
            -1828.2759582665997,
            -1828.2759582665997,
            -1828.2759582665997,
            -1828.2759582665997,
            -1828.2759582665997,
            -1828.2759582665997,
            -1828.2759582665997,
            -1828.2759582665997,
            -1828.2759582665997,
            -1828.2759582665997,
            -1828.2759582665997,
            -1828.2759582665997,
            -1828.2759582665997,
            -1828.2759582665997,
            -1828.2759582665997,
            -1828.2759582665997,
            -1828.2759582665997,
            -1828.2759582665997,
            -1828.2759582665997,
            -1828.2759582665997
        ],
        "optimal_n_changepoints": 2,
        "failed_penalties": {},
        "cost_model": "ar",
        "min_segment_size": 5,
        "jump": 1,
        "criterion": "bic",
        "signal_length": 365
    }
}