{
    "model_id": "pelt_l2",
    "method": "pelt",
    "algorithm": "PELT",
    "variant": "pelt_l2",
    "n_changepoints": 3,
    "signal_length": 365,
    "change_points": [
        24,
        58,
        149
    ],
    "validation": {
        "n_changepoints": 3,
        "n_significant": 2,
        "tests": {
            "CP_1_at_24": {
                "change_point_index": 24,
                "test_name": "Permutation Test",
                "test_statistic": -0.03397533295722527,
                "p_value": 0.0327,
                "cohens_d": 1.8565141407186905,
                "test_family": "frequentist",
                "before_mean": 0.26249781920371773,
                "after_mean": 0.296473152160943,
                "mean_difference": 0.03397533295722527,
                "significant": true,
                "meaningful_effect": true,
                "normalized_position": 0.06575342465753424,
                "p_value_corrected": 0.049049999999999996,
                "significant_after_correction": true
            },
            "CP_2_at_58": {
                "change_point_index": 58,
                "test_name": "Permutation Test",
                "test_statistic": -0.069787727974296,
                "p_value": 0.0164,
                "cohens_d": 2.062794420874574,
                "test_family": "frequentist",
                "before_mean": 0.31772953890032163,
                "after_mean": 0.3875172668746176,
                "mean_difference": 0.069787727974296,
                "significant": true,
                "meaningful_effect": true,
                "normalized_position": 0.1589041095890411,
                "p_value_corrected": 0.049049999999999996,
                "significant_after_correction": true
            },
            "CP_3_at_149": {
                "change_point_index": 149,
                "test_name": "Permutation Test",
                "test_statistic": -0.07460596957524623,
                "p_value": 0.1132,
                "cohens_d": 1.0875706009160444,
                "test_family": "frequentist",
                "before_mean": 0.38088831698239894,
                "after_mean": 0.4554942865576452,
                "mean_difference": 0.07460596957524623,
                "significant": false,
                "meaningful_effect": true,
                "normalized_position": 0.40821917808219177,
                "p_value_corrected": 0.1132,
                "significant_after_correction": false
            }
        },
        "rejected": {},
        "overall_significant": true,
        "alpha": 0.05,
        "correction_method": "fdr_bh",
        "summary": {
            "fraction_significant": 0.6666666666666666,
            "mean_effect_size": 1.6689597208364362,
            "max_effect_size": 2.062794420874574
        }
    },
    "timestamp": "2026-01-18T19:39:02.045946",
    "penalty_used": 0.017575106248547922,
    "penalty_source": "auto_bic",
    "min_segment_size_used": 5,
    "tuning_results": {
        "optimal_penalty": 0.017575106248547922,
        "penalties_tested": [
            0.01,
            0.011513953993264475,
            0.013257113655901088,
            0.015264179671752334,
            0.017575106248547922,
            0.020235896477251575,
            0.023299518105153717,
            0.02682695795279726,
            0.030888435964774818,
            0.03556480306223129,
            0.040949150623804255,
            0.04714866363457394,
            0.054286754393238594,
            0.06250551925273973,
            0.07196856730011521,
            0.08286427728546843,
            0.09540954763499938,
            0.10985411419875583,
            0.12648552168552957,
            0.14563484775012436,
            0.16768329368110083,
            0.19306977288832497,
            0.22229964825261944,
            0.2559547922699536,
            0.29470517025518095,
            0.3393221771895328,
            0.3906939937054617,
            0.44984326689694465,
            0.517947467923121,
            0.5963623316594643,
            0.6866488450043002,
            0.7906043210907697,
            0.9102981779915218,
            1.0481131341546852,
            1.2067926406393288,
            1.3894954943731375,
            1.5998587196060574,
            1.8420699693267164,
            2.1209508879201904,
            2.44205309454865,
            2.8117686979742307,
            3.2374575428176433,
            3.727593720314938,
            4.291934260128778,
            4.941713361323833,
            5.689866029018293,
            6.551285568595509,
            7.543120063354615,
            8.68511373751352,
            10.0
        ],
        "n_changepoints": [
            22,
            15,
            14,
            8,
            3,
            3,
            3,
            3,
            3,
            3,
            3,
            3,
            3,
            2,
            2,
            2,
            2,
            2,
            2,
            1,
            1,
            1,
            1,
            1,
            1,
            1,
            1,
            1,
            1,
            1,
            1,
            1,
            0,
            0,
            0,
            0,
            0,
            0,
            0,
            0,
            0,
            0,
            0,
            0,
            0,
            0,
            0,
            0,
            0,
            0
        ],
        "bic_scores": [
            -1873.5943326270246,
            -1929.0361137602736,
            -1936.5088447011558,
            -1980.9739148464178,
            -2016.0927931467932,
            -2016.0927931467932,
            -2016.0927931467932,
            -2016.0927931467932,
            -2016.0927931467932,
            -2016.0927931467932,
            -2016.0927931467932,
            -2016.0927931467932,
            -2016.0927931467932,
            -2012.3035585384132,
            -2012.3035585384132,
            -2012.3035585384132,
            -2012.3035585384132,
            -2012.3035585384132,
            -2012.3035585384132,
            -1989.1718120257335,
            -1989.1718120257335,
            -1989.1718120257335,
            -1989.1718120257335,
            -1989.1718120257335,
            -1989.1718120257335,
            -1989.1718120257335,
            -1989.1718120257335,
            -1989.1718120257335,
            -1989.1718120257335,
            -1989.1718120257335,
            -1989.1718120257335,
            -1989.1718120257335,
            -1828.2759582665997,
            -1828.2759582665997,
            -1828.2759582665997,
            -1828.2759582665997,
            -1828.2759582665997,
            -1828.2759582665997,
            -1828.2759582665997,
            -1828.2759582665997,
            -1828.2759582665997,
            -1828.2759582665997,
            -1828.2759582665997,
            -1828.2759582665997,
            -1828.2759582665997,
            -1828.2759582665997,
            -1828.2759582665997,
            -1828.2759582665997,
            -1828.2759582665997,
            -1828.2759582665997
        ],
        "optimal_n_changepoints": 3,
        "failed_penalties": {},
        "cost_model": "l2",
        "min_segment_size": 5,
        "jump": 1,
        "criterion": "bic",
        "signal_length": 365
    }
}