cluster_id,n_days,avg_score,std_score_cluster,std_score_daily,n_obs_avg,min_score,max_score,day_range,severity
0,112,12.780614305788609,1.9714398295839237,4.30770933551719,51.875,9.297929285136583,17.000145042368977,0-360,Mild
1,253,10.061731003366967,0.9405182370864085,4.339305834325222,31.25691699604743,7.596373509637156,13.34816728804909,42-364,Mild
