{
    "model_id": "pelt_ar",
    "method": "pelt",
    "algorithm": "PELT",
    "variant": "pelt_ar",
    "n_changepoints": 4,
    "signal_length": 365,
    "change_points": [
        58,
        149,
        320,
        327
    ],
    "validation": {
        "n_changepoints": 4,
        "n_significant": 0,
        "tests": {
            "CP_1_at_58": {
                "change_point_index": 58,
                "test_name": "Permutation Test",
                "test_statistic": -0.07292506166781493,
                "p_value": 0.0252,
                "cohens_d": 1.9581799713574761,
                "test_family": "frequentist",
                "before_mean": 0.3226738599802714,
                "after_mean": 0.39559892164808635,
                "mean_difference": 0.07292506166781493,
                "significant": true,
                "meaningful_effect": true,
                "normalized_position": 0.1589041095890411,
                "p_value_corrected": 0.1008,
                "significant_after_correction": false
            },
            "CP_2_at_149": {
                "change_point_index": 149,
                "test_name": "Permutation Test",
                "test_statistic": -0.04926149205186581,
                "p_value": 0.238,
                "cohens_d": 0.8100879609869533,
                "test_family": "frequentist",
                "before_mean": 0.3994924824196461,
                "after_mean": 0.4487539744715119,
                "mean_difference": 0.04926149205186581,
                "significant": false,
                "meaningful_effect": true,
                "normalized_position": 0.40821917808219177,
                "p_value_corrected": 0.34546666666666664,
                "significant_after_correction": false
            },
            "CP_3_at_320": {
                "change_point_index": 320,
                "test_name": "Permutation Test",
                "test_statistic": -0.07288518691990048,
                "p_value": 0.2591,
                "cohens_d": 0.8151017855468431,
                "test_family": "frequentist",
                "before_mean": 0.4473016492627548,
                "after_mean": 0.5201868361826553,
                "mean_difference": 0.07288518691990048,
                "significant": false,
                "meaningful_effect": true,
                "normalized_position": 0.8767123287671232,
                "p_value_corrected": 0.34546666666666664,
                "significant_after_correction": false
            },
            "CP_4_at_327": {
                "change_point_index": 327,
                "test_name": "Permutation Test",
                "test_statistic": 0.02793190365039866,
                "p_value": 0.4471,
                "cohens_d": -0.49298090800346334,
                "test_family": "frequentist",
                "before_mean": 0.45984339034228805,
                "after_mean": 0.4319114866918894,
                "mean_difference": -0.02793190365039866,
                "significant": false,
                "meaningful_effect": true,
                "normalized_position": 0.8958904109589041,
                "p_value_corrected": 0.4471,
                "significant_after_correction": false
            }
        },
        "rejected": {},
        "overall_significant": false,
        "alpha": 0.05,
        "correction_method": "fdr_bh",
        "summary": {
            "fraction_significant": 0.0,
            "mean_effect_size": 0.7725972024719523,
            "max_effect_size": 1.9581799713574761
        }
    },
    "timestamp": "2026-01-18T19:40:54.395684",
    "penalty_used": 0.04714866363457394,
    "penalty_source": "auto_bic",
    "min_segment_size_used": 5,
    "tuning_results": {
        "optimal_penalty": 0.04714866363457394,
        "penalties_tested": [
            0.01,
            0.011513953993264475,
            0.013257113655901088,
            0.015264179671752334,
            0.017575106248547922,
            0.020235896477251575,
            0.023299518105153717,
            0.02682695795279726,
            0.030888435964774818,
            0.03556480306223129,
            0.040949150623804255,
            0.04714866363457394,
            0.054286754393238594,
            0.06250551925273973,
            0.07196856730011521,
            0.08286427728546843,
            0.09540954763499938,
            0.10985411419875583,
            0.12648552168552957,
            0.14563484775012436,
            0.16768329368110083,
            0.19306977288832497,
            0.22229964825261944,
            0.2559547922699536,
            0.29470517025518095,
            0.3393221771895328,
            0.3906939937054617,
            0.44984326689694465,
            0.517947467923121,
            0.5963623316594643,
            0.6866488450043002,
            0.7906043210907697,
            0.9102981779915218,
            1.0481131341546852,
            1.2067926406393288,
            1.3894954943731375,
            1.5998587196060574,
            1.8420699693267164,
            2.1209508879201904,
            2.44205309454865,
            2.8117686979742307,
            3.2374575428176433,
            3.727593720314938,
            4.291934260128778,
            4.941713361323833,
            5.689866029018293,
            6.551285568595509,
            7.543120063354615,
            8.68511373751352,
            10.0
        ],
        "n_changepoints": [
            49,
            47,
            44,
            42,
            37,
            31,
            28,
            21,
            21,
            12,
            8,
            4,
            4,
            2,
            2,
            1,
            1,
            1,
            1,
            1,
            1,
            1,
            1,
            0,
            0,
            0,
            0,
            0,
            0,
            0,
            0,
            0,
            0,
            0,
            0,
            0,
            0,
            0,
            0,
            0,
            0,
            0,
            0,
            0,
            0,
            0,
            0,
            0,
            0,
            0
        ],
        "bic_scores": [
            -1519.2406993824839,
            -1535.3242410585792,
            -1566.6517522090098,
            -1582.3361673432344,
            -1623.0262415025857,
            -1684.1823591986247,
            -1718.6352521675044,
            -1808.8219723163509,
            -1808.8219723163509,
            -1904.1175115000467,
            -1947.902690519526,
            -1979.8044296232738,
            -1979.8044296232738,
            -1958.5573213393052,
            -1958.5573213393052,
            -1958.8162854224236,
            -1958.8162854224236,
            -1958.8162854224236,
            -1958.8162854224236,
            -1958.8162854224236,
            -1958.8162854224236,
            -1958.8162854224236,
            -1958.8162854224236,
            -1817.9926072075154,
            -1817.9926072075154,
            -1817.9926072075154,
            -1817.9926072075154,
            -1817.9926072075154,
            -1817.9926072075154,
            -1817.9926072075154,
            -1817.9926072075154,
            -1817.9926072075154,
            -1817.9926072075154,
            -1817.9926072075154,
            -1817.9926072075154,
            -1817.9926072075154,
            -1817.9926072075154,
            -1817.9926072075154,
            -1817.9926072075154,
            -1817.9926072075154,
            -1817.9926072075154,
            -1817.9926072075154,
            -1817.9926072075154,
            -1817.9926072075154,
            -1817.9926072075154,
            -1817.9926072075154,
            -1817.9926072075154,
            -1817.9926072075154,
            -1817.9926072075154,
            -1817.9926072075154
        ],
        "optimal_n_changepoints": 4,
        "failed_penalties": {},
        "cost_model": "ar",