{
    "model_id": "pelt_ar",
    "method": "pelt",
    "test_family": null,
    "n_changepoints": 6,
    "n_significant": 2,
    "overall_significant": true,
    "alpha": 0.05,
    "tests": {
        "CP_1_at_58": {
            "change_point_index": 58,
            "test_name": "Permutation Test",
            "test_statistic": -0.0807657658833073,
            "p_value": 0.0145,
            "cohens_d": 2.282676397084796,
            "test_family": "frequentist",
            "before_mean": 0.3266139952816457,
            "after_mean": 0.407379761164953,
            "mean_difference": 0.0807657658833073,
            "significant": true,
            "meaningful_effect": true,
            "normalized_position": 0.1589041095890411,
            "p_value_corrected": 0.043500000000000004,
            "significant_after_correction": true
        },
        "CP_2_at_149": {
            "change_point_index": 149,
            "test_name": "Permutation Test",
            "test_statistic": -0.04806882234459481,
            "p_value": 0.2949,
            "cohens_d": 0.7160610680623487,
            "test_family": "frequentist",
            "before_mean": 0.4092422464968554,
            "after_mean": 0.45731106884145023,
            "mean_difference": 0.04806882234459481,
            "significant": false,
            "meaningful_effect": true,
            "normalized_position": 0.40821917808219177,
            "p_value_corrected": 0.36996,
            "significant_after_correction": false
        },
        "CP_3_at_212": {
            "change_point_index": 212,
            "test_name": "Permutation Test",
            "test_statistic": 0.08565829881274722,
            "p_value": 0.0036,
            "cohens_d": -2.6758155397095957,
            "test_family": "frequentist",
            "before_mean": 0.4347931572146505,
            "after_mean": 0.3491348584019033,
            "mean_difference": -0.08565829881274722,
            "significant": true,
            "meaningful_effect": true,
            "normalized_position": 0.5808219178082191,
            "p_value_corrected": 0.0216,
            "significant_after_correction": true
        },
        "CP_4_at_220": {
            "change_point_index": 220,
            "test_name": "Permutation Test",
            "test_statistic": -0.10295001464136255,
            "p_value": 0.028,
            "cohens_d": 1.7550181487090246,
            "test_family": "frequentist",
            "before_mean": 0.35031494702867,
            "after_mean": 0.45326496167003255,
            "mean_difference": 0.10295001464136255,
            "significant": true,
            "meaningful_effect": true,
            "normalized_position": 0.6027397260273972,
            "p_value_corrected": 0.056,
            "significant_after_correction": false
        },
        "CP_5_at_320": {
            "change_point_index": 320,
            "test_name": "Permutation Test",
            "test_statistic": -0.06689026241717616,
            "p_value": 0.3083,
            "cohens_d": 0.7823670581386144,
            "test_family": "frequentist",
            "before_mean": 0.4514858075164267,
            "after_mean": 0.5183760699336029,
            "mean_difference": 0.06689026241717616,
            "significant": false,
            "meaningful_effect": true,
            "normalized_position": 0.8767123287671232,
            "p_value_corrected": 0.36996,
            "significant_after_correction": false
        },
        "CP_6_at_325": {
            "change_point_index": 325,
            "test_name": "Permutation Test",
            "test_statistic": 0.046805608763308026,
            "p_value": 0.4538,
            "cohens_d": -0.5131458291386085,
            "test_family": "frequentist",
            "before_mean": 0.5183760699336029,
            "after_mean": 0.47157046117029483,
            "mean_difference": -0.046805608763308026,
            "significant": false,
            "meaningful_effect": true,
            "normalized_position": 0.8904109589041096,
            "p_value_corrected": 0.4538,
            "significant_after_correction": false
        }
    },
    "summary": {
        "fraction_significant": 0.3333333333333333,
        "mean_effect_size": 0.39119355052443,
        "max_effect_size": 2.6758155397095957
    },
    "rejection_reason": null,
    "timestamp": "2026-01-18T19:37:09.385436"
}