{
    "model_id": "pelt_l1",
    "method": "pelt",
    "test_family": null,
    "n_changepoints": 3,
    "n_significant": 2,
    "overall_significant": true,
    "alpha": 0.05,
    "tests": {
        "CP_1_at_24": {
            "change_point_index": 24,
            "test_name": "Permutation Test",
            "test_statistic": -0.0355540598925661,
            "p_value": 0.0163,
            "cohens_d": 2.21169450005261,
            "test_family": "frequentist",
            "before_mean": 0.25972227918998847,
            "after_mean": 0.2952763390825546,
            "mean_difference": 0.0355540598925661,
            "significant": true,
            "meaningful_effect": true,
            "normalized_position": 0.06575342465753424,
            "p_value_corrected": 0.02445,
            "significant_after_correction": true
        },
        "CP_2_at_58": {
            "change_point_index": 58,
            "test_name": "Permutation Test",
            "test_statistic": -0.0807657658833073,
            "p_value": 0.0147,
            "cohens_d": 2.282676397084796,
            "test_family": "frequentist",
            "before_mean": 0.3266139952816457,
            "after_mean": 0.407379761164953,
            "mean_difference": 0.0807657658833073,
            "significant": true,
            "meaningful_effect": true,
            "normalized_position": 0.1589041095890411,
            "p_value_corrected": 0.02445,
            "significant_after_correction": true
        },
        "CP_3_at_135": {
            "change_point_index": 135,
            "test_name": "Permutation Test",
            "test_statistic": -0.04346779646918636,
            "p_value": 0.2103,
            "cohens_d": 0.8484458225932289,
            "test_family": "frequentist",
            "before_mean": 0.3669548185975807,
            "after_mean": 0.4104226150667671,
            "mean_difference": 0.04346779646918636,
            "significant": false,
            "meaningful_effect": true,
            "normalized_position": 0.3698630136986301,
            "p_value_corrected": 0.2103,
            "significant_after_correction": false
        }
    },
    "summary": {
        "fraction_significant": 0.6666666666666666,
        "mean_effect_size": 1.7809389065768784,
        "max_effect_size": 2.282676397084796
    },
    "rejection_reason": null,
    "timestamp": "2026-01-18T19:37:09.384852"
}