{
    "model_id": "pelt_rbf",
    "method": "pelt",
    "test_family": null,
    "n_changepoints": 3,
    "n_significant": 2,
    "overall_significant": true,
    "alpha": 0.05,
    "tests": {
        "CP_1_at_24": {
            "change_point_index": 24,
            "test_name": "Permutation Test",
            "test_statistic": -0.0355540598925661,
            "p_value": 0.0167,
            "cohens_d": 2.21169450005261,
            "test_family": "frequentist",
            "before_mean": 0.25972227918998847,
            "after_mean": 0.2952763390825546,
            "mean_difference": 0.0355540598925661,
            "significant": true,
            "meaningful_effect": true,
            "normalized_position": 0.06575342465753424,
            "p_value_corrected": 0.02505,
            "significant_after_correction": true
        },
        "CP_2_at_58": {
            "change_point_index": 58,
            "test_name": "Permutation Test",
            "test_statistic": -0.0807657658833073,
            "p_value": 0.0156,
            "cohens_d": 2.282676397084796,
            "test_family": "frequentist",
            "before_mean": 0.3266139952816457,
            "after_mean": 0.407379761164953,
            "mean_difference": 0.0807657658833073,
            "significant": true,
            "meaningful_effect": true,
            "normalized_position": 0.1589041095890411,
            "p_value_corrected": 0.02505,
            "significant_after_correction": true
        },
        "CP_3_at_149": {
            "change_point_index": 149,
            "test_name": "Permutation Test",
            "test_statistic": -0.04806882234459481,
            "p_value": 0.293,
            "cohens_d": 0.7160610680623487,
            "test_family": "frequentist",
            "before_mean": 0.4092422464968554,
            "after_mean": 0.45731106884145023,
            "mean_difference": 0.04806882234459481,
            "significant": false,
            "meaningful_effect": true,
            "normalized_position": 0.40821917808219177,
            "p_value_corrected": 0.293,
            "significant_after_correction": false
        }
    },
    "summary": {
        "fraction_significant": 0.6666666666666666,
        "mean_effect_size": 1.736810655066585,
        "max_effect_size": 2.282676397084796
    },
    "rejection_reason": null,
    "timestamp": "2026-01-18T19:37:09.385264"
}