{
    "model_id": "pelt_l2",
    "method": "pelt",
    "test_family": null,
    "n_changepoints": 3,
    "n_significant": 2,
    "overall_significant": true,
    "alpha": 0.05,
    "tests": {
        "CP_1_at_39": {
            "change_point_index": 39,
            "test_name": "Permutation Test",
            "test_statistic": -0.054421823897311594,
            "p_value": 0.0272,
            "cohens_d": 1.7483390457726176,
            "test_family": "frequentist",
            "before_mean": 0.29525227283510486,
            "after_mean": 0.34967409673241645,
            "mean_difference": 0.054421823897311594,
            "significant": true,
            "meaningful_effect": true,
            "normalized_position": 0.10684931506849316,
            "p_value_corrected": 0.040799999999999996,
            "significant_after_correction": true
        },
        "CP_2_at_91": {
            "change_point_index": 91,
            "test_name": "Permutation Test",
            "test_statistic": -0.0904238146730299,
            "p_value": 0.0127,
            "cohens_d": 1.8442810510344871,
            "test_family": "frequentist",
            "before_mean": 0.3341189607506979,
            "after_mean": 0.4245427754237278,
            "mean_difference": 0.0904238146730299,
            "significant": true,
            "meaningful_effect": true,
            "normalized_position": 0.2493150684931507,
            "p_value_corrected": 0.038099999999999995,
            "significant_after_correction": true
        },
        "CP_3_at_239": {
            "change_point_index": 239,
            "test_name": "Permutation Test",
            "test_statistic": -0.09233729381879491,
            "p_value": 0.0799,
            "cohens_d": 1.3626950285431578,
            "test_family": "frequentist",
            "before_mean": 0.38923415287843727,
            "after_mean": 0.4815714466972322,
            "mean_difference": 0.09233729381879491,
            "significant": false,
            "meaningful_effect": true,
            "normalized_position": 0.6547945205479452,
            "p_value_corrected": 0.0799,
            "significant_after_correction": false
        }
    },
    "summary": {
        "fraction_significant": 0.6666666666666666,
        "mean_effect_size": 1.6517717084500874,
        "max_effect_size": 1.8442810510344871
    },
    "rejection_reason": null,
    "timestamp": "2026-01-18T19:37:09.385075"
}