change_point_index,model_id,normalized_position
58,pelt_ar,0.1589041095890411
149,pelt_ar,0.40821917808219177
320,pelt_ar,0.8767123287671232
327,pelt_ar,0.8958904109589041
