change_point_index,model_id,normalized_position
24,pelt_l1,0.06575342465753424
58,pelt_l1,0.1589041095890411
135,pelt_l1,0.3698630136986301
