cluster_id,n_days,avg_score,std_score_cluster,std_score_daily,n_obs_avg,min_score,max_score,day_range,severity
0,112,12.773535762571848,2.001334299925445,4.250622428643082,51.901785714285715,9.148324829924627,16.91471508634554,0-360,Mild
1,253,10.049765124615105,0.9404570327962612,4.294689359860543,31.217391304347824,7.7314438421198926,13.257377700529924,42-364,Mild
