cluster_id,n_days,avg_score,std_score_cluster,std_score_daily,n_obs_avg,min_score,max_score,day_range,severity
0,110,13.176703930213147,2.111172540022881,4.948907323962708,15.981818181818182,8.662611412581928,17.825546496056184,0-175,Moderate
1,255,5.143315463874185,2.3846151924611316,4.961172039341088,11.145098039215686,0.5438425154551032,12.855773187324393,71-364,Mild
