cluster_id,n_days,avg_score,std_score_cluster,std_score_daily,n_obs_avg,min_score,max_score,day_range,severity
0,114,12.932019190681421,2.3999356322244365,4.995708187295495,16.17543859649123,6.285827120659238,17.825546496056184,0-217,Moderate
1,251,5.126425051289567,2.4186324532164245,4.940111323968879,10.9800796812749,0.5438425154551032,12.855773187324393,77-364,Mild
