{
    "model_id": "bocpd_gaussian_heuristic",
    "method": "bocpd",
    "algorithm": "BOCPD",
    "variant": "bocpd_gaussian",
    "n_changepoints": 11,
    "signal_length": 365,
    "change_points": [
        0.09315068493150686,
        0.2356164383561644,
        0.3150684931506849,
        0.3452054794520548,
        0.4602739726027397,
        0.4904109589041096,
        0.5205479452054794,
        0.6164383561643836,
        0.6876712328767123,
        0.7753424657534247,
        0.9945205479452055
    ],
    "validation": {
        "n_changepoints": 11,
        "normalized_positions": [
            0.09315068493150686,
            0.2356164383561644,
            0.3150684931506849,
            0.3452054794520548,
            0.4602739726027397,
            0.4904109589041096,
            0.5205479452054794,
            0.6164383561643836,
            0.6876712328767123,
            0.7753424657534247,
            0.9945205479452055
        ],
        "detected_indices": [
            34,
            86,
            115,
            126,
            168,
            179,
            190,
            225,
            251,
            283,
            363
        ],
        "posterior_threshold": 0.1,
        "persistence": 3,
        "test_family": "bayesian",
        "overall_significant": true,
        "rejection_reason": null,
        "summary": {
            "mean_posterior_at_cp": 0.10000000000000007,
            "max_posterior_at_cp": 0.10000000000000014,
            "coverage_ratio": 0.030136986301369864,
            "max_posterior_overall": 0.10000000000000014,
            "mean_posterior_overall": 0.09951999447118443
        }
    },
    "timestamp": "2026-01-18T19:37:09.378381",
    "hazard_lambda": 10.0,
    "hazard_rate": 0.1,
    "posterior_threshold": 0.1,
    "max_run_length_used": 365,
    "hazard_tuning": {
        "optimal_hazard_lambda": 10.0,
        "optimal_hazard_rate": 0.1,
        "lambdas_tested": [
            10.0
        ],
        "scores": null,
        "criterion": "heuristic_autocorr",
        "method": "heuristic",
        "strategy": "autocorr",
        "notes": "Autocorrelation-based: ACF(1)=0.470 \u2192 raw \u03bb=1.3, clipped to [10.0, 300.0] \u2192 10.0"
    }
}