{
    "model_id": "bocpd_gaussian_predictive_ll",
    "method": "bocpd",
    "algorithm": "BOCPD",
    "variant": "bocpd_gaussian",
    "n_changepoints": 11,
    "signal_length": 365,
    "change_points": [
        0.09315068493150686,
        0.2356164383561644,
        0.3150684931506849,
        0.3452054794520548,
        0.4602739726027397,
        0.4904109589041096,
        0.5205479452054794,
        0.6164383561643836,
        0.6876712328767123,
        0.7753424657534247,
        0.9945205479452055
    ],
    "validation": {
        "n_changepoints": 11,
        "normalized_positions": [
            0.09315068493150686,
            0.2356164383561644,
            0.3150684931506849,
            0.3452054794520548,
            0.4602739726027397,
            0.4904109589041096,
            0.5205479452054794,
            0.6164383561643836,
            0.6876712328767123,
            0.7753424657534247,
            0.9945205479452055
        ],
        "detected_indices": [
            34,
            86,
            115,
            126,
            168,
            179,
            190,
            225,
            251,
            283,
            363
        ],
        "posterior_threshold": 0.1,
        "persistence": 3,
        "test_family": "bayesian",
        "overall_significant": true,
        "rejection_reason": null,
        "summary": {
            "mean_posterior_at_cp": 0.10000000000000007,
            "max_posterior_at_cp": 0.10000000000000014,
            "coverage_ratio": 0.030136986301369864,
            "max_posterior_overall": 0.10000000000000014,
            "mean_posterior_overall": 0.09951999447118443
        }
    },
    "timestamp": "2026-01-18T19:37:09.378560",
    "hazard_lambda": 10.0,
    "hazard_rate": 0.1,
    "posterior_threshold": 0.1,
    "max_run_length_used": 365,
    "hazard_tuning": {
        "optimal_hazard_lambda": 10.0,
        "optimal_hazard_rate": 0.1,
        "lambdas_tested": [
            10.0,
            12.749955266809755,
            16.256135930564984,
            20.72650059258824,
            26.426195539300583,
            33.693281099805006,
            42.95878268145604,
            54.77225575051662,
            69.83438106813503,
            89.03852347040677,
            113.52371912704774,
            144.74223405917328,
            184.5457009472568,
            235.2949431759576,
            300.0000000000001
        ],
        "scores": [
            10.387414910381459,
            10.387414910381459,
            10.387414910381459,
            10.387414910381459,
            10.387414910381459,
            10.387414910381459,
            10.387414910381459,
            10.387414910381459,
            10.387414910381459,
            10.387414910381459,
            10.387414910381459,
            10.387414910381459,
            10.387414910381459,
            10.387414910381459,
            10.387414910381459
        ],
        "best_score": 10.387414910381459,
        "criterion": "held_out_gaussian_predictive_ll",
        "method": "predictive_ll",
        "n_folds": 3,
        "train_ratio": 0.7,
        "horizon": 10,
        "notes": "Gaussian plug-in predictive likelihood (approximate), best LL=10.39 at \u03bb=10.0 WARNING: Selected \u03bb=10.0 is low (expecting CP every 10 days)"
    }
}