{
    "model_id": "pelt_ar",
    "method": "pelt",
    "algorithm": "PELT",
    "variant": "pelt_ar",
    "n_changepoints": 6,
    "signal_length": 365,
    "change_points": [
        58,
        149,
        212,
        220,
        320,
        325
    ],
    "validation": {
        "n_changepoints": 6,
        "n_significant": 2,
        "tests": {
            "CP_1_at_58": {
                "change_point_index": 58,
                "test_name": "Permutation Test",
                "test_statistic": -0.0807657658833073,
                "p_value": 0.0145,
                "cohens_d": 2.282676397084796,
                "test_family": "frequentist",
                "before_mean": 0.3266139952816457,
                "after_mean": 0.407379761164953,
                "mean_difference": 0.0807657658833073,
                "significant": true,
                "meaningful_effect": true,
                "normalized_position": 0.1589041095890411,
                "p_value_corrected": 0.043500000000000004,
                "significant_after_correction": true
            },
            "CP_2_at_149": {
                "change_point_index": 149,
                "test_name": "Permutation Test",
                "test_statistic": -0.04806882234459481,
                "p_value": 0.2949,
                "cohens_d": 0.7160610680623487,
                "test_family": "frequentist",
                "before_mean": 0.4092422464968554,
                "after_mean": 0.45731106884145023,
                "mean_difference": 0.04806882234459481,
                "significant": false,
                "meaningful_effect": true,
                "normalized_position": 0.40821917808219177,
                "p_value_corrected": 0.36996,
                "significant_after_correction": false
            },
            "CP_3_at_212": {
                "change_point_index": 212,
                "test_name": "Permutation Test",
                "test_statistic": 0.08565829881274722,
                "p_value": 0.0036,
                "cohens_d": -2.6758155397095957,
                "test_family": "frequentist",
                "before_mean": 0.4347931572146505,
                "after_mean": 0.3491348584019033,
                "mean_difference": -0.08565829881274722,
                "significant": true,
                "meaningful_effect": true,
                "normalized_position": 0.5808219178082191,
                "p_value_corrected": 0.0216,
                "significant_after_correction": true
            },
            "CP_4_at_220": {
                "change_point_index": 220,
                "test_name": "Permutation Test",
                "test_statistic": -0.10295001464136255,
                "p_value": 0.028,
                "cohens_d": 1.7550181487090246,
                "test_family": "frequentist",
                "before_mean": 0.35031494702867,
                "after_mean": 0.45326496167003255,
                "mean_difference": 0.10295001464136255,
                "significant": true,
                "meaningful_effect": true,
                "normalized_position": 0.6027397260273972,
                "p_value_corrected": 0.056,
                "significant_after_correction": false
            },
            "CP_5_at_320": {
                "change_point_index": 320,
                "test_name": "Permutation Test",
                "test_statistic": -0.06689026241717616,
                "p_value": 0.3083,
                "cohens_d": 0.7823670581386144,
                "test_family": "frequentist",
                "before_mean": 0.4514858075164267,
                "after_mean": 0.5183760699336029,
                "mean_difference": 0.06689026241717616,
                "significant": false,
                "meaningful_effect": true,
                "normalized_position": 0.8767123287671232,
                "p_value_corrected": 0.36996,
                "significant_after_correction": false
            },
            "CP_6_at_325": {
                "change_point_index": 325,
                "test_name": "Permutation Test",
                "test_statistic": 0.046805608763308026,
                "p_value": 0.4538,
                "cohens_d": -0.5131458291386085,
                "test_family": "frequentist",
                "before_mean": 0.5183760699336029,
                "after_mean": 0.47157046117029483,
                "mean_difference": -0.046805608763308026,
                "significant": false,
                "meaningful_effect": true,
                "normalized_position": 0.8904109589041096,
                "p_value_corrected": 0.4538,
                "significant_after_correction": false
            }
        },
        "rejected": {},
        "overall_significant": true,
        "alpha": 0.05,
        "correction_method": "fdr_bh",
        "summary": {
            "fraction_significant": 0.3333333333333333,
            "mean_effect_size": 0.39119355052443,
            "max_effect_size": 2.6758155397095957
        }
    },
    "timestamp": "2026-01-18T19:37:09.377948",
    "penalty_used": 0.04714866363457394,
    "penalty_source": "auto_bic",
    "min_segment_size_used": 5,
    "tuning_results": {
        "optimal_penalty": 0.04714866363457394,
        "penalties_tested": [
            0.01,
            0.011513953993264475,
            0.013257113655901088,
            0.015264179671752334,
            0.017575106248547922,
            0.020235896477251575,
            0.023299518105153717,
            0.02682695795279726,
            0.030888435964774818,
            0.03556480306223129,
            0.040949150623804255,
            0.04714866363457394,
            0.054286754393238594,
            0.06250551925273973,
            0.07196856730011521,
            0.08286427728546843,
            0.09540954763499938,
            0.10985411419875583,
            0.12648552168552957,
            0.14563484775012436,
            0.16768329368110083,
            0.19306977288832497,
            0.22229964825261944,
            0.2559547922699536,
            0.29470517025518095,
            0.3393221771895328,
            0.3906939937054617,
            0.44984326689694465,
            0.517947467923121,
            0.5963623316594643,
            0.6866488450043002,
            0.7906043210907697,
            0.9102981779915218,
            1.0481131341546852,
            1.2067926406393288,
            1.3894954943731375,
            1.5998587196060574,
            1.8420699693267164,
            2.1209508879201904,
            2.44205309454865,
            2.8117686979742307,
            3.2374575428176433,
            3.727593720314938,
            4.291934260128778,
            4.941713361323833,
            5.689866029018293,
            6.551285568595509,
            7.543120063354615,
            8.68511373751352,
            10.0
        ],
        "n_changepoints": [
            48,
            47,
            44,
            40,
            36,
            33,
            27,
            23,
            18,
            10,
            8,
            6,
            2,
            2,
            2,
            2,
            1,
            1,
            1,
            1,
            1,
            1,
            1,
            0,
            0,
            0,
            0,
            0,
            0,
            0,
            0,
            0,
            0,
            0,
            0,
            0,
            0,
            0,
            0,
            0,
            0,
            0,
            0,
            0,
            0,
            0,
            0,
            0,
            0,
            0
        ],