{
    "model_id": "pelt_l2",
    "method": "pelt",
    "algorithm": "PELT",
    "variant": "pelt_l2",
    "n_changepoints": 3,
    "signal_length": 365,
    "change_points": [
        39,
        91,
        239
    ],
    "validation": {
        "n_changepoints": 3,
        "n_significant": 2,
        "tests": {
            "CP_1_at_39": {
                "change_point_index": 39,
                "test_name": "Permutation Test",
                "test_statistic": -0.054421823897311594,
                "p_value": 0.0272,
                "cohens_d": 1.7483390457726176,
                "test_family": "frequentist",
                "before_mean": 0.29525227283510486,
                "after_mean": 0.34967409673241645,
                "mean_difference": 0.054421823897311594,
                "significant": true,
                "meaningful_effect": true,
                "normalized_position": 0.10684931506849316,
                "p_value_corrected": 0.040799999999999996,
                "significant_after_correction": true
            },
            "CP_2_at_91": {
                "change_point_index": 91,
                "test_name": "Permutation Test",
                "test_statistic": -0.0904238146730299,
                "p_value": 0.0127,
                "cohens_d": 1.8442810510344871,
                "test_family": "frequentist",
                "before_mean": 0.3341189607506979,
                "after_mean": 0.4245427754237278,
                "mean_difference": 0.0904238146730299,
                "significant": true,
                "meaningful_effect": true,
                "normalized_position": 0.2493150684931507,
                "p_value_corrected": 0.038099999999999995,
                "significant_after_correction": true
            },
            "CP_3_at_239": {
                "change_point_index": 239,
                "test_name": "Permutation Test",
                "test_statistic": -0.09233729381879491,
                "p_value": 0.0799,
                "cohens_d": 1.3626950285431578,
                "test_family": "frequentist",
                "before_mean": 0.38923415287843727,
                "after_mean": 0.4815714466972322,
                "mean_difference": 0.09233729381879491,
                "significant": false,
                "meaningful_effect": true,
                "normalized_position": 0.6547945205479452,
                "p_value_corrected": 0.0799,
                "significant_after_correction": false
            }
        },
        "rejected": {},
        "overall_significant": true,
        "alpha": 0.05,
        "correction_method": "fdr_bh",
        "summary": {
            "fraction_significant": 0.6666666666666666,
            "mean_effect_size": 1.6517717084500874,
            "max_effect_size": 1.8442810510344871
        }
    },
    "timestamp": "2026-01-18T19:37:09.377136",
    "penalty_used": 0.030888435964774818,
    "penalty_source": "auto_bic",
    "min_segment_size_used": 5,
    "tuning_results": {
        "optimal_penalty": 0.030888435964774818,
        "penalties_tested": [
            0.01,
            0.011513953993264475,
            0.013257113655901088,
            0.015264179671752334,
            0.017575106248547922,
            0.020235896477251575,
            0.023299518105153717,
            0.02682695795279726,
            0.030888435964774818,
            0.03556480306223129,
            0.040949150623804255,
            0.04714866363457394,
            0.054286754393238594,
            0.06250551925273973,
            0.07196856730011521,
            0.08286427728546843,
            0.09540954763499938,
            0.10985411419875583,
            0.12648552168552957,
            0.14563484775012436,
            0.16768329368110083,
            0.19306977288832497,
            0.22229964825261944,
            0.2559547922699536,
            0.29470517025518095,
            0.3393221771895328,
            0.3906939937054617,
            0.44984326689694465,
            0.517947467923121,
            0.5963623316594643,
            0.6866488450043002,
            0.7906043210907697,
            0.9102981779915218,
            1.0481131341546852,
            1.2067926406393288,
            1.3894954943731375,
            1.5998587196060574,
            1.8420699693267164,
            2.1209508879201904,
            2.44205309454865,
            2.8117686979742307,
            3.2374575428176433,
            3.727593720314938,
            4.291934260128778,
            4.941713361323833,
            5.689866029018293,
            6.551285568595509,
            7.543120063354615,
            8.68511373751352,
            10.0
        ],
        "n_changepoints": [
            22,
            22,
            12,
            6,
            5,
            5,
            5,
            5,
            3,
            3,
            3,
            3,
            3,
            2,
            2,
            2,
            2,
            2,
            2,
            1,
            1,
            1,
            1,
            1,
            1,
            1,
            1,
            1,
            1,
            1,
            1,
            1,
            0,
            0,
            0,
            0,
            0,
            0,
            0,
            0,
            0,
            0,
            0,
            0,
            0,
            0,
            0,
            0,
            0,
            0
        ],
        "bic_scores": [
            -1855.8042117622701,
            -1855.8042117622701,
            -1933.5465102723176,
            -1979.6502762976677,
            -1986.6263819731143,
            -1986.6263819731143,
            -1986.6263819731143,
            -1986.6263819731143,
            -1993.5433243197374,
            -1993.5433243197374,
            -1993.5433243197374,
            -1993.5433243197374,
            -1993.5433243197374,
            -1989.4754180981727,
            -1989.4754180981727,
            -1989.4754180981727,
            -1989.4754180981727,
            -1989.4754180981727,
            -1989.4754180981727,
            -1968.0273533761904,
            -1968.0273533761904,
            -1968.0273533761904,
            -1968.0273533761904,
            -1968.0273533761904,
            -1968.0273533761904,
            -1968.0273533761904,
            -1968.0273533761904,
            -1968.0273533761904,
            -1968.0273533761904,
            -1968.0273533761904,
            -1968.0273533761904,
            -1968.0273533761904,
            -1813.5261024321028,
            -1813.5261024321028,
            -1813.5261024321028,
            -1813.5261024321028,
            -1813.5261024321028,
            -1813.5261024321028,
            -1813.5261024321028,
            -1813.5261024321028,
            -1813.5261024321028,
            -1813.5261024321028,
            -1813.5261024321028,
            -1813.5261024321028,
            -1813.5261024321028,
            -1813.5261024321028,
            -1813.5261024321028,
            -1813.5261024321028,
            -1813.5261024321028,
            -1813.5261024321028
        ],
        "optimal_n_changepoints": 3,
        "failed_penalties": {},
        "cost_model": "l2",
        "min_segment_size": 5,
        "jump": 1,
        "criterion": "bic",
        "signal_length": 365
    }
}