change_point_index,model_id,normalized_position
39,pelt_l2,0.10684931506849316
91,pelt_l2,0.2493150684931507
239,pelt_l2,0.6547945205479452
