change_point_index,model_id,normalized_position
58,pelt_ar,0.1589041095890411
149,pelt_ar,0.40821917808219177
212,pelt_ar,0.5808219178082191
220,pelt_ar,0.6027397260273972
320,pelt_ar,0.8767123287671232
325,pelt_ar,0.8904109589041096
