{
    "model_id": "pelt_ar",
    "method": "pelt",
    "test_family": null,
    "n_changepoints": 4,
    "n_significant": 0,
    "overall_significant": false,
    "alpha": 0.05,
    "tests": {
        "CP_1_at_58": {
            "change_point_index": 58,
            "test_name": "Permutation Test",
            "test_statistic": -0.07292506166781493,
            "p_value": 0.0252,
            "cohens_d": 1.9581799713574761,
            "test_family": "frequentist",
            "before_mean": 0.3226738599802714,
            "after_mean": 0.39559892164808635,
            "mean_difference": 0.07292506166781493,
            "significant": true,
            "meaningful_effect": true,
            "normalized_position": 0.1589041095890411,
            "p_value_corrected": 0.1008,
            "significant_after_correction": false
        },
        "CP_2_at_149": {
            "change_point_index": 149,
            "test_name": "Permutation Test",
            "test_statistic": -0.04926149205186581,
            "p_value": 0.238,
            "cohens_d": 0.8100879609869533,
            "test_family": "frequentist",
            "before_mean": 0.3994924824196461,
            "after_mean": 0.4487539744715119,
            "mean_difference": 0.04926149205186581,
            "significant": false,
            "meaningful_effect": true,
            "normalized_position": 0.40821917808219177,
            "p_value_corrected": 0.34546666666666664,
            "significant_after_correction": false
        },
        "CP_3_at_320": {
            "change_point_index": 320,
            "test_name": "Permutation Test",
            "test_statistic": -0.07288518691990048,
            "p_value": 0.2591,
            "cohens_d": 0.8151017855468431,
            "test_family": "frequentist",
            "before_mean": 0.4473016492627548,
            "after_mean": 0.5201868361826553,
            "mean_difference": 0.07288518691990048,
            "significant": false,
            "meaningful_effect": true,
            "normalized_position": 0.8767123287671232,
            "p_value_corrected": 0.34546666666666664,
            "significant_after_correction": false
        },
        "CP_4_at_327": {
            "change_point_index": 327,
            "test_name": "Permutation Test",
            "test_statistic": 0.02793190365039866,
            "p_value": 0.4471,
            "cohens_d": -0.49298090800346334,
            "test_family": "frequentist",
            "before_mean": 0.45984339034228805,
            "after_mean": 0.4319114866918894,
            "mean_difference": -0.02793190365039866,
            "significant": false,
            "meaningful_effect": true,
            "normalized_position": 0.8958904109589041,
            "p_value_corrected": 0.4471,
            "significant_after_correction": false
        }
    },
    "summary": {
        "fraction_significant": 0.0,
        "mean_effect_size": 0.7725972024719523,
        "max_effect_size": 1.9581799713574761
    },
    "rejection_reason": null,
    "timestamp": "2026-01-18T19:40:54.401860"
}