{
    "model_id": "pelt_l2",
    "method": "pelt",
    "test_family": null,
    "n_changepoints": 3,
    "n_significant": 2,
    "overall_significant": true,
    "alpha": 0.05,
    "tests": {
        "CP_1_at_24": {
            "change_point_index": 24,
            "test_name": "Permutation Test",
            "test_statistic": -0.03789622262572295,
            "p_value": 0.0094,
            "cohens_d": 2.411587246174302,
            "test_family": "frequentist",
            "before_mean": 0.2590936123963803,
            "after_mean": 0.29698983502210324,
            "mean_difference": 0.03789622262572295,
            "significant": true,
            "meaningful_effect": true,
            "normalized_position": 0.06575342465753424,
            "p_value_corrected": 0.028200000000000003,
            "significant_after_correction": true
        },
        "CP_2_at_58": {
            "change_point_index": 58,
            "test_name": "Permutation Test",
            "test_statistic": -0.07292506166781493,
            "p_value": 0.0203,
            "cohens_d": 1.9581799713574761,
            "test_family": "frequentist",
            "before_mean": 0.3226738599802714,
            "after_mean": 0.39559892164808635,
            "mean_difference": 0.07292506166781493,
            "significant": true,
            "meaningful_effect": true,
            "normalized_position": 0.1589041095890411,
            "p_value_corrected": 0.030449999999999998,
            "significant_after_correction": true
        },
        "CP_3_at_149": {
            "change_point_index": 149,
            "test_name": "Permutation Test",
            "test_statistic": -0.04926149205186581,
            "p_value": 0.2342,
            "cohens_d": 0.8100879609869533,
            "test_family": "frequentist",
            "before_mean": 0.3994924824196461,
            "after_mean": 0.4487539744715119,
            "mean_difference": 0.04926149205186581,
            "significant": false,
            "meaningful_effect": true,
            "normalized_position": 0.40821917808219177,
            "p_value_corrected": 0.2342,
            "significant_after_correction": false
        }
    },
    "summary": {
        "fraction_significant": 0.6666666666666666,
        "mean_effect_size": 1.7266183928395773,
        "max_effect_size": 2.411587246174302
    },
    "rejection_reason": null,
    "timestamp": "2026-01-18T19:40:54.401495"
}