{
    "model_id": "pelt_l1",
    "method": "pelt",
    "test_family": null,
    "n_changepoints": 3,
    "n_significant": 2,
    "overall_significant": true,
    "alpha": 0.05,
    "tests": {
        "CP_1_at_24": {
            "change_point_index": 24,
            "test_name": "Permutation Test",
            "test_statistic": -0.03789622262572295,
            "p_value": 0.0099,
            "cohens_d": 2.411587246174302,
            "test_family": "frequentist",
            "before_mean": 0.2590936123963803,
            "after_mean": 0.29698983502210324,
            "mean_difference": 0.03789622262572295,
            "significant": true,
            "meaningful_effect": true,
            "normalized_position": 0.06575342465753424,
            "p_value_corrected": 0.029700000000000004,
            "significant_after_correction": true
        },
        "CP_2_at_58": {
            "change_point_index": 58,
            "test_name": "Permutation Test",
            "test_statistic": -0.07292506166781493,
            "p_value": 0.0227,
            "cohens_d": 1.9581799713574761,
            "test_family": "frequentist",
            "before_mean": 0.3226738599802714,
            "after_mean": 0.39559892164808635,
            "mean_difference": 0.07292506166781493,
            "significant": true,
            "meaningful_effect": true,
            "normalized_position": 0.1589041095890411,
            "p_value_corrected": 0.034050000000000004,
            "significant_after_correction": true
        },
        "CP_3_at_135": {
            "change_point_index": 135,
            "test_name": "Permutation Test",
            "test_statistic": -0.05791863278871401,
            "p_value": 0.1406,
            "cohens_d": 1.1057826695954296,
            "test_family": "frequentist",
            "before_mean": 0.3573868459408707,
            "after_mean": 0.41530547872958473,
            "mean_difference": 0.05791863278871401,
            "significant": false,
            "meaningful_effect": true,
            "normalized_position": 0.3698630136986301,
            "p_value_corrected": 0.1406,
            "significant_after_correction": false
        }
    },
    "summary": {
        "fraction_significant": 0.6666666666666666,
        "mean_effect_size": 1.8251832957090695,
        "max_effect_size": 2.411587246174302
    },
    "rejection_reason": null,
    "timestamp": "2026-01-18T19:40:54.401268"
}