change_point_index,model_id,normalized_position
24,pelt_rbf,0.06575342465753424
57,pelt_rbf,0.15616438356164383
133,pelt_rbf,0.3643835616438356
