change_point_index,model_id,normalized_position
24,pelt_l2,0.06575342465753424
58,pelt_l2,0.1589041095890411
149,pelt_l2,0.40821917808219177
