{
    "model_id": "pelt_ar",
    "method": "pelt",
    "test_family": null,
    "n_changepoints": 2,
    "n_significant": 1,
    "overall_significant": true,
    "alpha": 0.05,
    "tests": {
        "CP_1_at_57": {
            "change_point_index": 57,
            "test_name": "Permutation Test",
            "test_statistic": -0.07423370514032807,
            "p_value": 0.0075,
            "cohens_d": 2.368519847095038,
            "test_family": "frequentist",
            "before_mean": 0.3131239294492442,
            "after_mean": 0.3873576345895723,
            "mean_difference": 0.07423370514032807,
            "significant": true,
            "meaningful_effect": true,
            "normalized_position": 0.15616438356164383,
            "p_value_corrected": 0.015,
            "significant_after_correction": true
        },
        "CP_2_at_149": {
            "change_point_index": 149,
            "test_name": "Permutation Test",
            "test_statistic": -0.07460596957524623,
            "p_value": 0.1166,
            "cohens_d": 1.0875706009160444,
            "test_family": "frequentist",
            "before_mean": 0.38088831698239894,
            "after_mean": 0.4554942865576452,
            "mean_difference": 0.07460596957524623,
            "significant": false,
            "meaningful_effect": true,
            "normalized_position": 0.40821917808219177,
            "p_value_corrected": 0.1166,
            "significant_after_correction": false
        }
    },
    "summary": {
        "fraction_significant": 0.5,
        "mean_effect_size": 1.7280452240055413,
        "max_effect_size": 2.368519847095038
    },
    "rejection_reason": null,
    "timestamp": "2026-02-02T18:36:29.820310"
}