{
    "model_id": "pelt_rbf",
    "method": "pelt",
    "test_family": null,
    "n_changepoints": 3,
    "n_significant": 3,
    "overall_significant": true,
    "alpha": 0.05,
    "tests": {
        "CP_1_at_24": {
            "change_point_index": 24,
            "test_name": "Permutation Test",
            "test_statistic": -0.03397533295722527,
            "p_value": 0.0299,
            "cohens_d": 1.8565141407186905,
            "test_family": "frequentist",
            "before_mean": 0.26249781920371773,
            "after_mean": 0.296473152160943,
            "mean_difference": 0.03397533295722527,
            "significant": true,
            "meaningful_effect": true,
            "normalized_position": 0.06575342465753424,
            "p_value_corrected": 0.0299,
            "significant_after_correction": true
        },
        "CP_2_at_57": {
            "change_point_index": 57,
            "test_name": "Permutation Test",
            "test_statistic": -0.07423370514032807,
            "p_value": 0.0081,
            "cohens_d": 2.368519847095038,
            "test_family": "frequentist",
            "before_mean": 0.3131239294492442,
            "after_mean": 0.3873576345895723,
            "mean_difference": 0.07423370514032807,
            "significant": true,
            "meaningful_effect": true,
            "normalized_position": 0.15616438356164383,
            "p_value_corrected": 0.01215,
            "significant_after_correction": true
        },
        "CP_3_at_133": {
            "change_point_index": 133,
            "test_name": "Permutation Test",
            "test_statistic": -0.08957078800171914,
            "p_value": 0.0065,
            "cohens_d": 2.405026511992719,
            "test_family": "frequentist",
            "before_mean": 0.34831085683845425,
            "after_mean": 0.4378816448401734,
            "mean_difference": 0.08957078800171914,
            "significant": true,
            "meaningful_effect": true,
            "normalized_position": 0.3643835616438356,
            "p_value_corrected": 0.01215,
            "significant_after_correction": true
        }
    },
    "summary": {
        "fraction_significant": 1.0,
        "mean_effect_size": 2.210020166602149,
        "max_effect_size": 2.405026511992719
    },
    "rejection_reason": null,
    "timestamp": "2026-02-02T18:36:29.820160"
}